Método, tasa
Base, 4.955913889795664
ParImpar, 4.920541600263688
ValorAbsoluto, 4.956400860293818
Signo, 4.956357602663067
2BandasDeFrecuencia, 4.955052142149329
4BandasDeFrecuencia, 4.95064642489646